Post URL,Post Shortcode,Post Owner,Owner Followers,Post Likes,Post Comments,Post Type,Post Classification,Total Engagement,post collab with:,collaborator followers count,Comment ID,Username,User ID,Comment Text,Created At,Profile Pic URL,Verified
https://www.instagram.com/p/POST00ABC/,POST00ABC,faisalsheraiff,391678,1465,6,collab,Collaboration,1471,nike_middleeast,52000,58597193601200264,user_5821,1513485585,انا بكره ها البراند🤮🤮,2025-01-19T00:00:00.000Z,https://scontent-sof1-1.cdninstagram.com/v/t51.82787-19/574770777_18429472516105634.jpg,Yes
https://www.instagram.com/p/POST00ABC/,POST00ABC,faisalsheraiff,391678,1465,6,collab,Collaboration,1471,nike_middleeast,52000,43518625641840885,user_4852,3088293532,Loved this!,2025-01-28T00:00:00.000Z,https://scontent-sof1-1.cdninstagram.com/v/t51.82787-19/574770777_18429472516105634.jpg,No
https://www.instagram.com/p/POST00ABC/,POST00ABC,faisalsheraiff,391678,1465,6,collab,Collaboration,1471,nike_middleeast,52000,10163286362736322,user_5896,6474562662,والله اميزنق 🤍,2025-01-13T00:00:00.000Z,https://scontent-sof1-1.cdninstagram.com/v/t51.82787-19/574770777_18429472516105634.jpg,No
https://www.instagram.com/p/POST00ABC/,POST00ABC,faisalsheraiff,391678,1465,6,collab,Collaboration,1471,nike_middleeast,52000,61567533206389891,user_9760,4641968108,انا بكره ها البراند🤮🤮,2025-01-08T00:00:00.000Z,https://scontent-sof1-1.cdninstagram.com/v/t51.82787-19/574770777_18429472516105634.jpg,Yes
https://www.instagram.com/p/POST00ABC/,POST00ABC,faisalsheraiff,391678,1465,6,collab,Collaboration,1471,nike_middleeast,52000,66070536673852500,user_3699,5681010979,انا بكره ها البراند ,2025-01-13T00:00:00.000Z,https://scontent-sof1-1.cdninstagram.com/v/t51.82787-19/574770777_18429472516105634.jpg,No
https://www.instagram.com/p/POST00ABC/,POST00ABC,faisalsheraiff,391678,1465,6,collab,Collaboration,1471,nike_middleeast,52000,13779011199054760,user_4403,2635161277,انا بكره ها البراند ,2025-01-27T00:00:00.000Z,https://scontent-sof1-1.cdninstagram.com/v/t51.82787-19/574770777_18429472516105634.jpg,Yes
https://www.instagram.com/p/POST00ABC/,POST00ABC,faisalsheraiff,391678,1465,6,collab,Collaboration,1471,nike_middleeast,52000,34761300011802882,user_1951,1247307922,أحلى تعاون 🔥,2025-01-09T00:00:00.000Z,https://scontent-sof1-1.cdninstagram.com/v/t51.82787-19/574770777_18429472516105634.jpg,No
https://www.instagram.com/p/POST01ABC/,POST01ABC,faisalsheraiff,391678,1458,34,collab,Collaboration,1492,nike_middleeast,52000,81336770426715867,user_2574,1979483471,انا بكره كلكو 🤮,2025-01-18T00:00:00.000Z,https://scontent-sof1-1.cdninstagram.com/v/t51.82787-19/574770777_18429472516105634.jpg,No
https://www.instagram.com/p/POST01ABC/,POST01ABC,faisalsheraiff,391678,1458,34,collab,Collaboration,1492,nike_middleeast,52000,26022878153691674,user_3699,4441244070,انا بكره كلكو 🤮,2025-01-05T00:00:00.000Z,https://scontent-sof1-1.cdninstagram.com/v/t51.82787-19/574770777_18429472516105634.jpg,Yes
https://www.instagram.com/p/POST01ABC/,POST01ABC,faisalsheraiff,391678,1458,34,collab,Collaboration,1492,nike_middleeast,52000,28017950608739581,user_1084,8919328746,Loved this!,2025-01-08T00:00:00.000Z,https://scontent-sof1-1.cdninstagram.com/v/t51.82787-19/574770777_18429472516105634.jpg,No
https://www.instagram.com/p/POST01ABC/,POST01ABC,faisalsheraiff,391678,1458,34,collab,Collaboration,1492,nike_middleeast,52000,92010115223622578,user_4279,1001158598,انا بكره ها البراند🤮🤮,2025-01-15T00:00:00.000Z,https://scontent-sof1-1.cdninstagram.com/v/t51.82787-19/574770777_18429472516105634.jpg,Yes
https://www.instagram.com/p/POST01ABC/,POST01ABC,faisalsheraiff,391678,1458,34,collab,Collaboration,1492,nike_middleeast,52000,75934722583144292,user_2434,5876903783,انا بكره ها البراند ,2025-01-10T00:00:00.000Z,https://scontent-sof1-1.cdninstagram.com/v/t51.82787-19/574770777_18429472516105634.jpg,Yes
https://www.instagram.com/p/POST01ABC/,POST01ABC,faisalsheraiff,391678,1458,34,collab,Collaboration,1492,nike_middleeast,52000,98218916056351655,user_3264,8221159890,Loved this!,2025-01-20T00:00:00.000Z,https://scontent-sof1-1.cdninstagram.com/v/t51.82787-19/574770777_18429472516105634.jpg,Yes
https://www.instagram.com/p/POST01ABC/,POST01ABC,faisalsheraiff,391678,1458,34,collab,Collaboration,1492,nike_middleeast,52000,67834396639661713,user_1462,4652825970,انا بكره ها البراند ,2025-01-28T00:00:00.000Z,https://scontent-sof1-1.cdninstagram.com/v/t51.82787-19/574770777_18429472516105634.jpg,Yes
https://www.instagram.com/p/POST01ABC/,POST01ABC,faisalsheraiff,391678,1458,34,collab,Collaboration,1492,nike_middleeast,52000,84900369909062144,user_7412,9315957956,انا بكره كلكو 🤮,2025-01-04T00:00:00.000Z,https://scontent-sof1-1.cdninstagram.com/v/t51.82787-19/574770777_18429472516105634.jpg,Yes
https://www.instagram.com/p/POST02ABC/,POST02ABC,faisalsheraiff,391678,1939,30,collab,Collaboration,1969,nike_middleeast,52000,30593961662736075,user_5115,5029221706,والله اميزنق 🤍,2025-01-24T00:00:00.000Z,https://scontent-sof1-1.cdninstagram.com/v/t51.82787-19/574770777_18429472516105634.jpg,No
https://www.instagram.com/p/POST02ABC/,POST02ABC,faisalsheraiff,391678,1939,30,collab,Collaboration,1969,nike_middleeast,52000,41627306665253275,user_3870,4925701487,انا بكره كلكو 🤮,2025-01-04T00:00:00.000Z,https://scontent-sof1-1.cdninstagram.com/v/t51.82787-19/574770777_18429472516105634.jpg,No
https://www.instagram.com/p/POST02ABC/,POST02ABC,faisalsheraiff,391678,1939,30,collab,Collaboration,1969,nike_middleeast,52000,80956750891994618,user_7508,6749280736,أحلى تعاون 🔥,2025-01-11T00:00:00.000Z,https://scontent-sof1-1.cdninstagram.com/v/t51.82787-19/574770777_18429472516105634.jpg,Yes
https://www.instagram.com/p/POST02ABC/,POST02ABC,faisalsheraiff,391678,1939,30,collab,Collaboration,1969,nike_middleeast,52000,57976332785736022,user_7964,2935229568,انا بكره كلكو 🤮,2025-01-08T00:00:00.000Z,https://scontent-sof1-1.cdninstagram.com/v/t51.82787-19/574770777_18429472516105634.jpg,Yes
https://www.instagram.com/p/POST02ABC/,POST02ABC,faisalsheraiff,391678,1939,30,collab,Collaboration,1969,nike_middleeast,52000,19870983345809098,user_4245,8399799373,انا بكره كلكو 🤮,2025-01-23T00:00:00.000Z,https://scontent-sof1-1.cdninstagram.com/v/t51.82787-19/574770777_18429472516105634.jpg,Yes
https://www.instagram.com/p/POST02ABC/,POST02ABC,faisalsheraiff,391678,1939,30,collab,Collaboration,1969,nike_middleeast,52000,56495187450178514,user_3647,2161466664,والله اميزنق 🤍,2025-01-27T00:00:00.000Z,https://scontent-sof1-1.cdninstagram.com/v/t51.82787-19/574770777_18429472516105634.jpg,Yes
https://www.instagram.com/p/POST10ABC/,POST10ABC,faisalsheraiff,392878,2309,28,collab,Collaboration,2337,nike_middleeast,52000,12400368805269049,user_6383,1956823171,انا بكره كلكو 🤮,2025-02-03T00:00:00.000Z,https://scontent-sof1-1.cdninstagram.com/v/t51.82787-19/574770777_18429472516105634.jpg,No
https://www.instagram.com/p/POST10ABC/,POST10ABC,faisalsheraiff,392878,2309,28,collab,Collaboration,2337,nike_middleeast,52000,88546242295098632,user_2694,2820402921,Loved this!,2025-02-13T00:00:00.000Z,https://scontent-sof1-1.cdninstagram.com/v/t51.82787-19/574770777_18429472516105634.jpg,Yes
https://www.instagram.com/p/POST10ABC/,POST10ABC,faisalsheraiff,392878,2309,28,collab,Collaboration,2337,nike_middleeast,52000,93817874844260475,user_6644,2381888729,Loved this!,2025-02-15T00:00:00.000Z,https://scontent-sof1-1.cdninstagram.com/v/t51.82787-19/574770777_18429472516105634.jpg,No
https://www.instagram.com/p/POST10ABC/,POST10ABC,faisalsheraiff,392878,2309,28,collab,Collaboration,2337,nike_middleeast,52000,30310753356671044,user_5207,6585738590,أحلى تعاون 🔥,2025-02-14T00:00:00.000Z,https://scontent-sof1-1.cdninstagram.com/v/t51.82787-19/574770777_18429472516105634.jpg,No
https://www.instagram.com/p/POST10ABC/,POST10ABC,faisalsheraiff,392878,2309,28,collab,Collaboration,2337,nike_middleeast,52000,36564096008529758,user_9970,4785809621,انا بكره كلكو 🤮,2025-02-26T00:00:00.000Z,https://scontent-sof1-1.cdninstagram.com/v/t51.82787-19/574770777_18429472516105634.jpg,No
https://www.instagram.com/p/POST10ABC/,POST10ABC,faisalsheraiff,392878,2309,28,collab,Collaboration,2337,nike_middleeast,52000,39055564878243997,user_9895,2095741940,أحلى تعاون 🔥,2025-02-05T00:00:00.000Z,https://scontent-sof1-1.cdninstagram.com/v/t51.82787-19/574770777_18429472516105634.jpg,No
https://www.instagram.com/p/POST11ABC/,POST11ABC,faisalsheraiff,392878,1450,9,collab,Collaboration,1459,noon_saudi,145000,23477273303786193,user_3009,1943249797,أحلى تعاون 🔥,2025-02-24T00:00:00.000Z,https://scontent-sof1-1.cdninstagram.com/v/t51.82787-19/574770777_18429472516105634.jpg,No
https://www.instagram.com/p/POST11ABC/,POST11ABC,faisalsheraiff,392878,1450,9,collab,Collaboration,1459,noon_saudi,145000,12911647306306466,user_1320,6095398653,والله اميزنق 🤍,2025-02-09T00:00:00.000Z,https://scontent-sof1-1.cdninstagram.com/v/t51.82787-19/574770777_18429472516105634.jpg,Yes
https://www.instagram.com/p/POST11ABC/,POST11ABC,faisalsheraiff,392878,1450,9,collab,Collaboration,1459,noon_saudi,145000,12045379837043983,user_4603,3815096186,أحلى تعاون 🔥,2025-02-11T00:00:00.000Z,https://scontent-sof1-1.cdninstagram.com/v/t51.82787-19/574770777_18429472516105634.jpg,Yes
https://www.instagram.com/p/POST11ABC/,POST11ABC,faisalsheraiff,392878,1450,9,collab,Collaboration,1459,noon_saudi,145000,82522863554991657,user_1319,7435445243,أحلى تعاون 🔥,2025-02-16T00:00:00.000Z,https://scontent-sof1-1.cdninstagram.com/v/t51.82787-19/574770777_18429472516105634.jpg,Yes
https://www.instagram.com/p/POST11ABC/,POST11ABC,faisalsheraiff,392878,1450,9,collab,Collaboration,1459,noon_saudi,145000,29647352812357062,user_5088,4950569589,والله اميزنق 🤍,2025-02-04T00:00:00.000Z,https://scontent-sof1-1.cdninstagram.com/v/t51.82787-19/574770777_18429472516105634.jpg,No
https://www.instagram.com/p/POST12ABC/,POST12ABC,faisalsheraiff,392878,2217,48,collab,Collaboration,2265,noon_saudi,145000,35007764053841569,user_7765,8439507324,انا بكره ها البراند🤮🤮,2025-02-13T00:00:00.000Z,https://scontent-sof1-1.cdninstagram.com/v/t51.82787-19/574770777_18429472516105634.jpg,No
https://www.instagram.com/p/POST12ABC/,POST12ABC,faisalsheraiff,392878,2217,48,collab,Collaboration,2265,noon_saudi,145000,14647622204565348,user_8133,3276745117,انا بكره ها البراند🤮🤮,2025-02-14T00:00:00.000Z,https://scontent-sof1-1.cdninstagram.com/v/t51.82787-19/574770777_18429472516105634.jpg,Yes
https://www.instagram.com/p/POST12ABC/,POST12ABC,faisalsheraiff,392878,2217,48,collab,Collaboration,2265,noon_saudi,145000,93456463570727534,user_3236,1103437076,انا بكره كلكو 🤮,2025-02-08T00:00:00.000Z,https://scontent-sof1-1.cdninstagram.com/v/t51.82787-19/574770777_18429472516105634.jpg,Yes
https://www.instagram.com/p/POST12ABC/,POST12ABC,faisalsheraiff,392878,2217,48,collab,Collaboration,2265,noon_saudi,145000,32188048558005627,user_5023,2902378684,انا بكره كلكو 🤮,2025-02-05T00:00:00.000Z,https://scontent-sof1-1.cdninstagram.com/v/t51.82787-19/574770777_18429472516105634.jpg,Yes
https://www.instagram.com/p/POST12ABC/,POST12ABC,faisalsheraiff,392878,2217,48,collab,Collaboration,2265,noon_saudi,145000,67706311616100904,user_2759,9728016798,Loved this!,2025-02-26T00:00:00.000Z,https://scontent-sof1-1.cdninstagram.com/v/t51.82787-19/574770777_18429472516105634.jpg,No
https://www.instagram.com/p/POST12ABC/,POST12ABC,faisalsheraiff,392878,2217,48,collab,Collaboration,2265,noon_saudi,145000,48599271136581565,user_9221,8688127252,انا بكره ها البراند🤮🤮,2025-02-25T00:00:00.000Z,https://scontent-sof1-1.cdninstagram.com/v/t51.82787-19/574770777_18429472516105634.jpg,No
https://www.instagram.com/p/POST20ABC/,POST20ABC,faisalsheraiff,394078,880,31,collab,Collaboration,911,nike_middleeast,52000,51241610726499711,user_1077,1785133241,والله اميزنق 🤍,2025-03-15T00:00:00.000Z,https://scontent-sof1-1.cdninstagram.com/v/t51.82787-19/574770777_18429472516105634.jpg,No
https://www.instagram.com/p/POST20ABC/,POST20ABC,faisalsheraiff,394078,880,31,collab,Collaboration,911,nike_middleeast,52000,96710908534520222,user_9686,4126851947,Loved this!,2025-03-11T00:00:00.000Z,https://scontent-sof1-1.cdninstagram.com/v/t51.82787-19/574770777_18429472516105634.jpg,Yes
https://www.instagram.com/p/POST20ABC/,POST20ABC,faisalsheraiff,394078,880,31,collab,Collaboration,911,nike_middleeast,52000,49478346378609381,user_4171,3792930251,انا بكره ها البراند ,2025-03-22T00:00:00.000Z,https://scontent-sof1-1.cdninstagram.com/v/t51.82787-19/574770777_18429472516105634.jpg,No
https://www.instagram.com/p/POST20ABC/,POST20ABC,faisalsheraiff,394078,880,31,collab,Collaboration,911,nike_middleeast,52000,92772078170397696,user_3263,1501470095,انا بكره ها البراند ,2025-03-05T00:00:00.000Z,https://scontent-sof1-1.cdninstagram.com/v/t51.82787-19/574770777_18429472516105634.jpg,No
https://www.instagram.com/p/POST20ABC/,POST20ABC,faisalsheraiff,394078,880,31,collab,Collaboration,911,nike_middleeast,52000,65726210881280565,user_7974,6317847557,انا بكره ها البراند ,2025-03-28T00:00:00.000Z,https://scontent-sof1-1.cdninstagram.com/v/t51.82787-19/574770777_18429472516105634.jpg,Yes
https://www.instagram.com/p/POST20ABC/,POST20ABC,faisalsheraiff,394078,880,31,collab,Collaboration,911,nike_middleeast,52000,58834735871994057,user_1184,9226643393,Loved this!,2025-03-23T00:00:00.000Z,https://scontent-sof1-1.cdninstagram.com/v/t51.82787-19/574770777_18429472516105634.jpg,Yes
https://www.instagram.com/p/POST20ABC/,POST20ABC,faisalsheraiff,394078,880,31,collab,Collaboration,911,nike_middleeast,52000,13376987727943246,user_3482,2129215832,انا بكره ها البراند ,2025-03-21T00:00:00.000Z,https://scontent-sof1-1.cdninstagram.com/v/t51.82787-19/574770777_18429472516105634.jpg,Yes
https://www.instagram.com/p/POST21ABC/,POST21ABC,faisalsheraiff,394078,1146,23,collab,Collaboration,1169,noon_saudi,145000,31274696493746039,user_7977,6818778442,أحلى تعاون 🔥,2025-03-09T00:00:00.000Z,https://scontent-sof1-1.cdninstagram.com/v/t51.82787-19/574770777_18429472516105634.jpg,No
https://www.instagram.com/p/POST21ABC/,POST21ABC,faisalsheraiff,394078,1146,23,collab,Collaboration,1169,noon_saudi,145000,83473816294219297,user_7177,8664509515,انا بكره كلكو 🤮,2025-03-14T00:00:00.000Z,https://scontent-sof1-1.cdninstagram.com/v/t51.82787-19/574770777_18429472516105634.jpg,Yes
https://www.instagram.com/p/POST21ABC/,POST21ABC,faisalsheraiff,394078,1146,23,collab,Collaboration,1169,noon_saudi,145000,29709953002506564,user_9894,3169571839,أحلى تعاون 🔥,2025-03-21T00:00:00.000Z,https://scontent-sof1-1.cdninstagram.com/v/t51.82787-19/574770777_18429472516105634.jpg,No
https://www.instagram.com/p/POST21ABC/,POST21ABC,faisalsheraiff,394078,1146,23,collab,Collaboration,1169,noon_saudi,145000,86028840309434727,user_1850,1192261913,انا بكره كلكو 🤮,2025-03-24T00:00:00.000Z,https://scontent-sof1-1.cdninstagram.com/v/t51.82787-19/574770777_18429472516105634.jpg,Yes
https://www.instagram.com/p/POST21ABC/,POST21ABC,faisalsheraiff,394078,1146,23,collab,Collaboration,1169,noon_saudi,145000,52197440529400204,user_9104,8693804974,انا بكره كلكو 🤮,2025-03-28T00:00:00.000Z,https://scontent-sof1-1.cdninstagram.com/v/t51.82787-19/574770777_18429472516105634.jpg,Yes
https://www.instagram.com/p/POST22ABC/,POST22ABC,faisalsheraiff,394078,1785,42,collab,Collaboration,1827,heineken0.0_saudi,935,52512193165810900,user_6461,5300756669,انا بكره كلكو 🤮,2025-03-25T00:00:00.000Z,https://scontent-sof1-1.cdninstagram.com/v/t51.82787-19/574770777_18429472516105634.jpg,Yes
https://www.instagram.com/p/POST22ABC/,POST22ABC,faisalsheraiff,394078,1785,42,collab,Collaboration,1827,heineken0.0_saudi,935,82494721435505435,user_6569,7446773134,انا بكره ها البراند🤮🤮,2025-03-14T00:00:00.000Z,https://scontent-sof1-1.cdninstagram.com/v/t51.82787-19/574770777_18429472516105634.jpg,Yes
https://www.instagram.com/p/POST22ABC/,POST22ABC,faisalsheraiff,394078,1785,42,collab,Collaboration,1827,heineken0.0_saudi,935,25442052615278661,user_2489,7727368742,أحلى تعاون 🔥,2025-03-03T00:00:00.000Z,https://scontent-sof1-1.cdninstagram.com/v/t51.82787-19/574770777_18429472516105634.jpg,No
https://www.instagram.com/p/POST22ABC/,POST22ABC,faisalsheraiff,394078,1785,42,collab,Collaboration,1827,heineken0.0_saudi,935,23601090156894314,user_6976,5707567801,انا بكره ها البراند🤮🤮,2025-03-02T00:00:00.000Z,https://scontent-sof1-1.cdninstagram.com/v/t51.82787-19/574770777_18429472516105634.jpg,No
https://www.instagram.com/p/POST22ABC/,POST22ABC,faisalsheraiff,394078,1785,42,collab,Collaboration,1827,heineken0.0_saudi,935,18803702683494731,user_6265,5619753716,Loved this!,2025-03-30T00:00:00.000Z,https://scontent-sof1-1.cdninstagram.com/v/t51.82787-19/574770777_18429472516105634.jpg,Yes
https://www.instagram.com/p/POST22ABC/,POST22ABC,faisalsheraiff,394078,1785,42,collab,Collaboration,1827,heineken0.0_saudi,935,87980300360509451,user_1800,2928425634,Loved this!,2025-03-30T00:00:00.000Z,https://scontent-sof1-1.cdninstagram.com/v/t51.82787-19/574770777_18429472516105634.jpg,Yes
https://www.instagram.com/p/POST30ABC/,POST30ABC,faisalsheraiff,395278,1961,27,collab,Collaboration,1988,nike_middleeast,52000,68250030088209085,user_7129,4584346270,انا بكره ها البراند🤮🤮,2025-04-01T00:00:00.000Z,https://scontent-sof1-1.cdninstagram.com/v/t51.82787-19/574770777_18429472516105634.jpg,No
https://www.instagram.com/p/POST30ABC/,POST30ABC,faisalsheraiff,395278,1961,27,collab,Collaboration,1988,nike_middleeast,52000,29658246000452384,user_2350,2054879613,انا بكره ها البراند ,2025-04-01T00:00:00.000Z,https://scontent-sof1-1.cdninstagram.com/v/t51.82787-19/574770777_18429472516105634.jpg,Yes
https://www.instagram.com/p/POST30ABC/,POST30ABC,faisalsheraiff,395278,1961,27,collab,Collaboration,1988,nike_middleeast,52000,51754207788184019,user_4220,6589254295,انا بكره ها البراند🤮🤮,2025-04-22T00:00:00.000Z,https://scontent-sof1-1.cdninstagram.com/v/t51.82787-19/574770777_18429472516105634.jpg,Yes
https://www.instagram.com/p/POST30ABC/,POST30ABC,faisalsheraiff,395278,1961,27,collab,Collaboration,1988,nike_middleeast,52000,13948201875268578,user_9322,1771831845,والله اميزنق 🤍,2025-04-11T00:00:00.000Z,https://scontent-sof1-1.cdninstagram.com/v/t51.82787-19/574770777_18429472516105634.jpg,Yes
https://www.instagram.com/p/POST30ABC/,POST30ABC,faisalsheraiff,395278,1961,27,collab,Collaboration,1988,nike_middleeast,52000,53641025150533647,user_9607,9116482690,Loved this!,2025-04-13T00:00:00.000Z,https://scontent-sof1-1.cdninstagram.com/v/t51.82787-19/574770777_18429472516105634.jpg,No
https://www.instagram.com/p/POST30ABC/,POST30ABC,faisalsheraiff,395278,1961,27,collab,Collaboration,1988,nike_middleeast,52000,21732894178310477,user_4881,8508197206,انا بكره كلكو 🤮,2025-04-27T00:00:00.000Z,https://scontent-sof1-1.cdninstagram.com/v/t51.82787-19/574770777_18429472516105634.jpg,No
https://www.instagram.com/p/POST31ABC/,POST31ABC,faisalsheraiff,395278,1656,38,collab,Collaboration,1694,noon_saudi,145000,34182701586953473,user_4612,7564988059,انا بكره ها البراند ,2025-04-11T00:00:00.000Z,https://scontent-sof1-1.cdninstagram.com/v/t51.82787-19/574770777_18429472516105634.jpg,No
https://www.instagram.com/p/POST31ABC/,POST31ABC,faisalsheraiff,395278,1656,38,collab,Collaboration,1694,noon_saudi,145000,77988002432165639,user_8612,8497156775,Loved this!,2025-04-03T00:00:00.000Z,https://scontent-sof1-1.cdninstagram.com/v/t51.82787-19/574770777_18429472516105634.jpg,No
https://www.instagram.com/p/POST31ABC/,POST31ABC,faisalsheraiff,395278,1656,38,collab,Collaboration,1694,noon_saudi,145000,62293945935521677,user_7475,9234266564,Loved this!,2025-04-14T00:00:00.000Z,https://scontent-sof1-1.cdninstagram.com/v/t51.82787-19/574770777_18429472516105634.jpg,No
https://www.instagram.com/p/POST31ABC/,POST31ABC,faisalsheraiff,395278,1656,38,collab,Collaboration,1694,noon_saudi,145000,29267012130700815,user_1355,3143535401,والله اميزنق 🤍,2025-04-04T00:00:00.000Z,https://scontent-sof1-1.cdninstagram.com/v/t51.82787-19/574770777_18429472516105634.jpg,No
https://www.instagram.com/p/POST31ABC/,POST31ABC,faisalsheraiff,395278,1656,38,collab,Collaboration,1694,noon_saudi,145000,63628518387321117,user_6561,4819410947,انا بكره كلكو 🤮,2025-04-21T00:00:00.000Z,https://scontent-sof1-1.cdninstagram.com/v/t51.82787-19/574770777_18429472516105634.jpg,No
https://www.instagram.com/p/POST32ABC/,POST32ABC,faisalsheraiff,395278,1228,14,collab,Collaboration,1242,noon_saudi,145000,19293825315367682,user_5413,7508327472,انا بكره كلكو 🤮,2025-04-22T00:00:00.000Z,https://scontent-sof1-1.cdninstagram.com/v/t51.82787-19/574770777_18429472516105634.jpg,No
https://www.instagram.com/p/POST32ABC/,POST32ABC,faisalsheraiff,395278,1228,14,collab,Collaboration,1242,noon_saudi,145000,17903093722825242,user_5763,4960784677,انا بكره ها البراند🤮🤮,2025-04-12T00:00:00.000Z,https://scontent-sof1-1.cdninstagram.com/v/t51.82787-19/574770777_18429472516105634.jpg,No
https://www.instagram.com/p/POST32ABC/,POST32ABC,faisalsheraiff,395278,1228,14,collab,Collaboration,1242,noon_saudi,145000,73831541152975438,user_8510,5382387030,أحلى تعاون 🔥,2025-04-15T00:00:00.000Z,https://scontent-sof1-1.cdninstagram.com/v/t51.82787-19/574770777_18429472516105634.jpg,Yes
https://www.instagram.com/p/POST32ABC/,POST32ABC,faisalsheraiff,395278,1228,14,collab,Collaboration,1242,noon_saudi,145000,48749045669974633,user_4150,1998147574,Loved this!,2025-04-28T00:00:00.000Z,https://scontent-sof1-1.cdninstagram.com/v/t51.82787-19/574770777_18429472516105634.jpg,No
https://www.instagram.com/p/POST32ABC/,POST32ABC,faisalsheraiff,395278,1228,14,collab,Collaboration,1242,noon_saudi,145000,88441784461332048,user_6660,1883843556,والله اميزنق 🤍,2025-04-27T00:00:00.000Z,https://scontent-sof1-1.cdninstagram.com/v/t51.82787-19/574770777_18429472516105634.jpg,Yes
https://www.instagram.com/p/POST40ABC/,POST40ABC,faisalsheraiff,396478,2278,15,collab,Collaboration,2293,nike_middleeast,52000,29604438576642607,user_1217,7011420880,أحلى تعاون 🔥,2025-05-14T00:00:00.000Z,https://scontent-sof1-1.cdninstagram.com/v/t51.82787-19/574770777_18429472516105634.jpg,No
https://www.instagram.com/p/POST40ABC/,POST40ABC,faisalsheraiff,396478,2278,15,collab,Collaboration,2293,nike_middleeast,52000,12852929118823360,user_4074,2199252388,أحلى تعاون 🔥,2025-05-16T00:00:00.000Z,https://scontent-sof1-1.cdninstagram.com/v/t51.82787-19/574770777_18429472516105634.jpg,Yes
https://www.instagram.com/p/POST40ABC/,POST40ABC,faisalsheraiff,396478,2278,15,collab,Collaboration,2293,nike_middleeast,52000,63626642043429040,user_8800,9164616678,انا بكره كلكو 🤮,2025-05-26T00:00:00.000Z,https://scontent-sof1-1.cdninstagram.com/v/t51.82787-19/574770777_18429472516105634.jpg,No
https://www.instagram.com/p/POST40ABC/,POST40ABC,faisalsheraiff,396478,2278,15,collab,Collaboration,2293,nike_middleeast,52000,15809482917516402,user_7241,4967226520,انا بكره كلكو 🤮,2025-05-03T00:00:00.000Z,https://scontent-sof1-1.cdninstagram.com/v/t51.82787-19/574770777_18429472516105634.jpg,Yes
https://www.instagram.com/p/POST40ABC/,POST40ABC,faisalsheraiff,396478,2278,15,collab,Collaboration,2293,nike_middleeast,52000,61082864237450038,user_3119,8995983085,انا بكره ها البراند🤮🤮,2025-05-01T00:00:00.000Z,https://scontent-sof1-1.cdninstagram.com/v/t51.82787-19/574770777_18429472516105634.jpg,Yes
https://www.instagram.com/p/POST40ABC/,POST40ABC,faisalsheraiff,396478,2278,15,collab,Collaboration,2293,nike_middleeast,52000,98290343396830412,user_5915,9771863875,انا بكره كلكو 🤮,2025-05-24T00:00:00.000Z,https://scontent-sof1-1.cdninstagram.com/v/t51.82787-19/574770777_18429472516105634.jpg,Yes
https://www.instagram.com/p/POST40ABC/,POST40ABC,faisalsheraiff,396478,2278,15,collab,Collaboration,2293,nike_middleeast,52000,15704889820961150,user_1785,1084642505,انا بكره ها البراند ,2025-05-15T00:00:00.000Z,https://scontent-sof1-1.cdninstagram.com/v/t51.82787-19/574770777_18429472516105634.jpg,Yes
https://www.instagram.com/p/POST40ABC/,POST40ABC,faisalsheraiff,396478,2278,15,collab,Collaboration,2293,nike_middleeast,52000,40790545309805129,user_1382,5227393746,انا بكره كلكو 🤮,2025-05-13T00:00:00.000Z,https://scontent-sof1-1.cdninstagram.com/v/t51.82787-19/574770777_18429472516105634.jpg,No
https://www.instagram.com/p/POST41ABC/,POST41ABC,faisalsheraiff,396478,2089,47,collab,Collaboration,2136,noon_saudi,145000,26111949295037627,user_7418,3257849435,أحلى تعاون 🔥,2025-05-21T00:00:00.000Z,https://scontent-sof1-1.cdninstagram.com/v/t51.82787-19/574770777_18429472516105634.jpg,Yes
https://www.instagram.com/p/POST41ABC/,POST41ABC,faisalsheraiff,396478,2089,47,collab,Collaboration,2136,noon_saudi,145000,27511675402842345,user_5731,3539497826,أحلى تعاون 🔥,2025-05-23T00:00:00.000Z,https://scontent-sof1-1.cdninstagram.com/v/t51.82787-19/574770777_18429472516105634.jpg,Yes
https://www.instagram.com/p/POST41ABC/,POST41ABC,faisalsheraiff,396478,2089,47,collab,Collaboration,2136,noon_saudi,145000,38151107235559069,user_7196,5434566231,انا بكره كلكو 🤮,2025-05-22T00:00:00.000Z,https://scontent-sof1-1.cdninstagram.com/v/t51.82787-19/574770777_18429472516105634.jpg,No
https://www.instagram.com/p/POST41ABC/,POST41ABC,faisalsheraiff,396478,2089,47,collab,Collaboration,2136,noon_saudi,145000,88393611362359066,user_8959,3200475824,Loved this!,2025-05-08T00:00:00.000Z,https://scontent-sof1-1.cdninstagram.com/v/t51.82787-19/574770777_18429472516105634.jpg,Yes
https://www.instagram.com/p/POST41ABC/,POST41ABC,faisalsheraiff,396478,2089,47,collab,Collaboration,2136,noon_saudi,145000,49331226948926984,user_3096,8410762925,انا بكره كلكو 🤮,2025-05-17T00:00:00.000Z,https://scontent-sof1-1.cdninstagram.com/v/t51.82787-19/574770777_18429472516105634.jpg,No
https://www.instagram.com/p/POST41ABC/,POST41ABC,faisalsheraiff,396478,2089,47,collab,Collaboration,2136,noon_saudi,145000,50879872331486865,user_2592,1154877662,انا بكره ها البراند ,2025-05-06T00:00:00.000Z,https://scontent-sof1-1.cdninstagram.com/v/t51.82787-19/574770777_18429472516105634.jpg,Yes
https://www.instagram.com/p/POST41ABC/,POST41ABC,faisalsheraiff,396478,2089,47,collab,Collaboration,2136,noon_saudi,145000,51809536729856984,user_7900,3588557448,انا بكره ها البراند ,2025-05-15T00:00:00.000Z,https://scontent-sof1-1.cdninstagram.com/v/t51.82787-19/574770777_18429472516105634.jpg,Yes
https://www.instagram.com/p/POST42ABC/,POST42ABC,faisalsheraiff,396478,1193,48,collab,Collaboration,1241,heineken0.0_saudi,935,75228039788501194,user_8297,1319863187,انا بكره ها البراند ,2025-05-26T00:00:00.000Z,https://scontent-sof1-1.cdninstagram.com/v/t51.82787-19/574770777_18429472516105634.jpg,Yes
https://www.instagram.com/p/POST42ABC/,POST42ABC,faisalsheraiff,396478,1193,48,collab,Collaboration,1241,heineken0.0_saudi,935,54694660126206737,user_2747,3358839249,انا بكره ها البراند ,2025-05-24T00:00:00.000Z,https://scontent-sof1-1.cdninstagram.com/v/t51.82787-19/574770777_18429472516105634.jpg,Yes
https://www.instagram.com/p/POST42ABC/,POST42ABC,faisalsheraiff,396478,1193,48,collab,Collaboration,1241,heineken0.0_saudi,935,86430155464227560,user_6222,4286582506,Loved this!,2025-05-29T00:00:00.000Z,https://scontent-sof1-1.cdninstagram.com/v/t51.82787-19/574770777_18429472516105634.jpg,Yes
https://www.instagram.com/p/POST42ABC/,POST42ABC,faisalsheraiff,396478,1193,48,collab,Collaboration,1241,heineken0.0_saudi,935,97277313119403392,user_5619,9703983926,انا بكره كلكو 🤮,2025-05-08T00:00:00.000Z,https://scontent-sof1-1.cdninstagram.com/v/t51.82787-19/574770777_18429472516105634.jpg,Yes
https://www.instagram.com/p/POST42ABC/,POST42ABC,faisalsheraiff,396478,1193,48,collab,Collaboration,1241,heineken0.0_saudi,935,37141652928348163,user_5556,4597465983,والله اميزنق 🤍,2025-05-24T00:00:00.000Z,https://scontent-sof1-1.cdninstagram.com/v/t51.82787-19/574770777_18429472516105634.jpg,Yes
https://www.instagram.com/p/POST42ABC/,POST42ABC,faisalsheraiff,396478,1193,48,collab,Collaboration,1241,heineken0.0_saudi,935,64253876013226445,user_2384,5780250115,انا بكره كلكو 🤮,2025-05-14T00:00:00.000Z,https://scontent-sof1-1.cdninstagram.com/v/t51.82787-19/574770777_18429472516105634.jpg,No
https://www.instagram.com/p/POST42ABC/,POST42ABC,faisalsheraiff,396478,1193,48,collab,Collaboration,1241,heineken0.0_saudi,935,73173614054566824,user_3119,8090178790,انا بكره ها البراند🤮🤮,2025-05-11T00:00:00.000Z,https://scontent-sof1-1.cdninstagram.com/v/t51.82787-19/574770777_18429472516105634.jpg,Yes
https://www.instagram.com/p/POST50ABC/,POST50ABC,faisalsheraiff,397678,1625,8,collab,Collaboration,1633,nike_middleeast,52000,24922079922257465,user_3239,5286150045,والله اميزنق 🤍,2025-06-25T00:00:00.000Z,https://scontent-sof1-1.cdninstagram.com/v/t51.82787-19/574770777_18429472516105634.jpg,No
https://www.instagram.com/p/POST50ABC/,POST50ABC,faisalsheraiff,397678,1625,8,collab,Collaboration,1633,nike_middleeast,52000,69246431841243947,user_5520,4079920330,Loved this!,2025-06-04T00:00:00.000Z,https://scontent-sof1-1.cdninstagram.com/v/t51.82787-19/574770777_18429472516105634.jpg,Yes
https://www.instagram.com/p/POST50ABC/,POST50ABC,faisalsheraiff,397678,1625,8,collab,Collaboration,1633,nike_middleeast,52000,20873374060650487,user_1054,8937007702,انا بكره ها البراند🤮🤮,2025-06-01T00:00:00.000Z,https://scontent-sof1-1.cdninstagram.com/v/t51.82787-19/574770777_18429472516105634.jpg,No
https://www.instagram.com/p/POST50ABC/,POST50ABC,faisalsheraiff,397678,1625,8,collab,Collaboration,1633,nike_middleeast,52000,30695739389001928,user_2133,4000312473,والله اميزنق 🤍,2025-06-28T00:00:00.000Z,https://scontent-sof1-1.cdninstagram.com/v/t51.82787-19/574770777_18429472516105634.jpg,Yes
https://www.instagram.com/p/POST50ABC/,POST50ABC,faisalsheraiff,397678,1625,8,collab,Collaboration,1633,nike_middleeast,52000,30905740269119850,user_9503,2256722592,والله اميزنق 🤍,2025-06-27T00:00:00.000Z,https://scontent-sof1-1.cdninstagram.com/v/t51.82787-19/574770777_18429472516105634.jpg,No
https://www.instagram.com/p/POST51ABC/,POST51ABC,faisalsheraiff,397678,2323,35,collab,Collaboration,2358,noon_saudi,145000,21481987303980285,user_7917,1208530575,انا بكره كلكو 🤮,2025-06-24T00:00:00.000Z,https://scontent-sof1-1.cdninstagram.com/v/t51.82787-19/574770777_18429472516105634.jpg,No
https://www.instagram.com/p/POST51ABC/,POST51ABC,faisalsheraiff,397678,2323,35,collab,Collaboration,2358,noon_saudi,145000,80439685232946615,user_3328,3324481882,انا بكره كلكو 🤮,2025-06-11T00:00:00.000Z,https://scontent-sof1-1.cdninstagram.com/v/t51.82787-19/574770777_18429472516105634.jpg,No
https://www.instagram.com/p/POST51ABC/,POST51ABC,faisalsheraiff,397678,2323,35,collab,Collaboration,2358,noon_saudi,145000,59203486017043911,user_8598,6089427635,انا بكره ها البراند ,2025-06-04T00:00:00.000Z,https://scontent-sof1-1.cdninstagram.com/v/t51.82787-19/574770777_18429472516105634.jpg,Yes
https://www.instagram.com/p/POST51ABC/,POST51ABC,faisalsheraiff,397678,2323,35,collab,Collaboration,2358,noon_saudi,145000,32720905190896399,user_6631,6567756304,انا بكره ها البراند🤮🤮,2025-06-24T00:00:00.000Z,https://scontent-sof1-1.cdninstagram.com/v/t51.82787-19/574770777_18429472516105634.jpg,Yes
https://www.instagram.com/p/POST51ABC/,POST51ABC,faisalsheraiff,397678,2323,35,collab,Collaboration,2358,noon_saudi,145000,82523097532605341,user_1150,9066989472,والله اميزنق 🤍,2025-06-26T00:00:00.000Z,https://scontent-sof1-1.cdninstagram.com/v/t51.82787-19/574770777_18429472516105634.jpg,Yes
https://www.instagram.com/p/POST52ABC/,POST52ABC,faisalsheraiff,397678,1372,29,collab,Collaboration,1401,nike_middleeast,52000,57507592914081211,user_6886,1863267742,والله اميزنق 🤍,2025-06-13T00:00:00.000Z,https://scontent-sof1-1.cdninstagram.com/v/t51.82787-19/574770777_18429472516105634.jpg,Yes
https://www.instagram.com/p/POST52ABC/,POST52ABC,faisalsheraiff,397678,1372,29,collab,Collaboration,1401,nike_middleeast,52000,25158806418226313,user_3507,5295520563,أحلى تعاون 🔥,2025-06-07T00:00:00.000Z,https://scontent-sof1-1.cdninstagram.com/v/t51.82787-19/574770777_18429472516105634.jpg,No
https://www.instagram.com/p/POST52ABC/,POST52ABC,faisalsheraiff,397678,1372,29,collab,Collaboration,1401,nike_middleeast,52000,46750830143221306,user_2373,9988612198,والله اميزنق 🤍,2025-06-06T00:00:00.000Z,https://scontent-sof1-1.cdninstagram.com/v/t51.82787-19/574770777_18429472516105634.jpg,No
https://www.instagram.com/p/POST52ABC/,POST52ABC,faisalsheraiff,397678,1372,29,collab,Collaboration,1401,nike_middleeast,52000,64389585244530667,user_4192,7978324086,انا بكره كلكو 🤮,2025-06-04T00:00:00.000Z,https://scontent-sof1-1.cdninstagram.com/v/t51.82787-19/574770777_18429472516105634.jpg,No
https://www.instagram.com/p/POST52ABC/,POST52ABC,faisalsheraiff,397678,1372,29,collab,Collaboration,1401,nike_middleeast,52000,54263460382764072,user_7705,6220784867,انا بكره ها البراند ,2025-06-24T00:00:00.000Z,https://scontent-sof1-1.cdninstagram.com/v/t51.82787-19/574770777_18429472516105634.jpg,Yes
https://www.instagram.com/p/POST52ABC/,POST52ABC,faisalsheraiff,397678,1372,29,collab,Collaboration,1401,nike_middleeast,52000,86275342474381995,user_8040,2892283558,والله اميزنق 🤍,2025-06-19T00:00:00.000Z,https://scontent-sof1-1.cdninstagram.com/v/t51.82787-19/574770777_18429472516105634.jpg,Yes
https://www.instagram.com/p/POST60ABC/,POST60ABC,faisalsheraiff,398878,2166,42,collab,Collaboration,2208,nike_middleeast,52000,30248923911279212,user_5190,6709069797,انا بكره كلكو 🤮,2025-07-18T00:00:00.000Z,https://scontent-sof1-1.cdninstagram.com/v/t51.82787-19/574770777_18429472516105634.jpg,No
https://www.instagram.com/p/POST60ABC/,POST60ABC,faisalsheraiff,398878,2166,42,collab,Collaboration,2208,nike_middleeast,52000,95702008603704822,user_3769,9400357756,انا بكره كلكو 🤮,2025-07-01T00:00:00.000Z,https://scontent-sof1-1.cdninstagram.com/v/t51.82787-19/574770777_18429472516105634.jpg,No
https://www.instagram.com/p/POST60ABC/,POST60ABC,faisalsheraiff,398878,2166,42,collab,Collaboration,2208,nike_middleeast,52000,75162876445257447,user_6466,4115379035,والله اميزنق 🤍,2025-07-03T00:00:00.000Z,https://scontent-sof1-1.cdninstagram.com/v/t51.82787-19/574770777_18429472516105634.jpg,Yes
https://www.instagram.com/p/POST60ABC/,POST60ABC,faisalsheraiff,398878,2166,42,collab,Collaboration,2208,nike_middleeast,52000,55321881920309364,user_3399,8098088526,انا بكره ها البراند ,2025-07-08T00:00:00.000Z,https://scontent-sof1-1.cdninstagram.com/v/t51.82787-19/574770777_18429472516105634.jpg,Yes
https://www.instagram.com/p/POST60ABC/,POST60ABC,faisalsheraiff,398878,2166,42,collab,Collaboration,2208,nike_middleeast,52000,49934548487503796,user_6880,3249434537,أحلى تعاون 🔥,2025-07-22T00:00:00.000Z,https://scontent-sof1-1.cdninstagram.com/v/t51.82787-19/574770777_18429472516105634.jpg,No
https://www.instagram.com/p/POST61ABC/,POST61ABC,faisalsheraiff,398878,1943,31,collab,Collaboration,1974,nike_middleeast,52000,99651975628363236,user_6799,4529422369,انا بكره كلكو 🤮,2025-07-23T00:00:00.000Z,https://scontent-sof1-1.cdninstagram.com/v/t51.82787-19/574770777_18429472516105634.jpg,Yes
https://www.instagram.com/p/POST61ABC/,POST61ABC,faisalsheraiff,398878,1943,31,collab,Collaboration,1974,nike_middleeast,52000,69651145515925471,user_6456,7280736413,انا بكره ها البراند🤮🤮,2025-06-30T00:00:00.000Z,https://scontent-sof1-1.cdninstagram.com/v/t51.82787-19/574770777_18429472516105634.jpg,No
https://www.instagram.com/p/POST61ABC/,POST61ABC,faisalsheraiff,398878,1943,31,collab,Collaboration,1974,nike_middleeast,52000,93728760203235909,user_7489,5762747598,انا بكره ها البراند ,2025-07-02T00:00:00.000Z,https://scontent-sof1-1.cdninstagram.com/v/t51.82787-19/574770777_18429472516105634.jpg,No
https://www.instagram.com/p/POST61ABC/,POST61ABC,faisalsheraiff,398878,1943,31,collab,Collaboration,1974,nike_middleeast,52000,45241254955343382,user_6314,7924689107,أحلى تعاون 🔥,2025-07-06T00:00:00.000Z,https://scontent-sof1-1.cdninstagram.com/v/t51.82787-19/574770777_18429472516105634.jpg,No
https://www.instagram.com/p/POST61ABC/,POST61ABC,faisalsheraiff,398878,1943,31,collab,Collaboration,1974,nike_middleeast,52000,53720888568062386,user_4689,3969561421,Loved this!,2025-07-27T00:00:00.000Z,https://scontent-sof1-1.cdninstagram.com/v/t51.82787-19/574770777_18429472516105634.jpg,Yes
https://www.instagram.com/p/POST62ABC/,POST62ABC,faisalsheraiff,398878,1745,39,collab,Collaboration,1784,nike_middleeast,52000,72439642947414939,user_1774,4537669233,والله اميزنق 🤍,2025-07-20T00:00:00.000Z,https://scontent-sof1-1.cdninstagram.com/v/t51.82787-19/574770777_18429472516105634.jpg,Yes
https://www.instagram.com/p/POST62ABC/,POST62ABC,faisalsheraiff,398878,1745,39,collab,Collaboration,1784,nike_middleeast,52000,40913912903221276,user_9238,2676084141,Loved this!,2025-07-24T00:00:00.000Z,https://scontent-sof1-1.cdninstagram.com/v/t51.82787-19/574770777_18429472516105634.jpg,No
https://www.instagram.com/p/POST62ABC/,POST62ABC,faisalsheraiff,398878,1745,39,collab,Collaboration,1784,nike_middleeast,52000,88642571026827656,user_7873,8661789371,Loved this!,2025-07-04T00:00:00.000Z,https://scontent-sof1-1.cdninstagram.com/v/t51.82787-19/574770777_18429472516105634.jpg,No
https://www.instagram.com/p/POST62ABC/,POST62ABC,faisalsheraiff,398878,1745,39,collab,Collaboration,1784,nike_middleeast,52000,57061344743383408,user_1579,3241569743,انا بكره ها البراند ,2025-07-09T00:00:00.000Z,https://scontent-sof1-1.cdninstagram.com/v/t51.82787-19/574770777_18429472516105634.jpg,No
https://www.instagram.com/p/POST62ABC/,POST62ABC,faisalsheraiff,398878,1745,39,collab,Collaboration,1784,nike_middleeast,52000,85927126133513023,user_1970,3366187748,Loved this!,2025-07-13T00:00:00.000Z,https://scontent-sof1-1.cdninstagram.com/v/t51.82787-19/574770777_18429472516105634.jpg,No
https://www.instagram.com/p/POST70ABC/,POST70ABC,faisalsheraiff,400078,1660,44,collab,Collaboration,1704,noon_saudi,145000,57950263921424252,user_7038,2873627290,Loved this!,2025-08-01T00:00:00.000Z,https://scontent-sof1-1.cdninstagram.com/v/t51.82787-19/574770777_18429472516105634.jpg,Yes
https://www.instagram.com/p/POST70ABC/,POST70ABC,faisalsheraiff,400078,1660,44,collab,Collaboration,1704,noon_saudi,145000,42852842785170309,user_4117,1147397926,انا بكره كلكو 🤮,2025-08-16T00:00:00.000Z,https://scontent-sof1-1.cdninstagram.com/v/t51.82787-19/574770777_18429472516105634.jpg,No
https://www.instagram.com/p/POST70ABC/,POST70ABC,faisalsheraiff,400078,1660,44,collab,Collaboration,1704,noon_saudi,145000,55098152558402154,user_8144,1714484058,انا بكره كلكو 🤮,2025-08-02T00:00:00.000Z,https://scontent-sof1-1.cdninstagram.com/v/t51.82787-19/574770777_18429472516105634.jpg,No
https://www.instagram.com/p/POST70ABC/,POST70ABC,faisalsheraiff,400078,1660,44,collab,Collaboration,1704,noon_saudi,145000,86187988260226629,user_9676,9526991564,انا بكره كلكو 🤮,2025-08-01T00:00:00.000Z,https://scontent-sof1-1.cdninstagram.com/v/t51.82787-19/574770777_18429472516105634.jpg,Yes
https://www.instagram.com/p/POST70ABC/,POST70ABC,faisalsheraiff,400078,1660,44,collab,Collaboration,1704,noon_saudi,145000,13691385332184872,user_8965,7471060426,والله اميزنق 🤍,2025-08-05T00:00:00.000Z,https://scontent-sof1-1.cdninstagram.com/v/t51.82787-19/574770777_18429472516105634.jpg,Yes
https://www.instagram.com/p/POST70ABC/,POST70ABC,faisalsheraiff,400078,1660,44,collab,Collaboration,1704,noon_saudi,145000,22865248602908281,user_8772,3311549453,Loved this!,2025-08-23T00:00:00.000Z,https://scontent-sof1-1.cdninstagram.com/v/t51.82787-19/574770777_18429472516105634.jpg,No
https://www.instagram.com/p/POST70ABC/,POST70ABC,faisalsheraiff,400078,1660,44,collab,Collaboration,1704,noon_saudi,145000,99591763465005317,user_4774,8608119985,Loved this!,2025-08-21T00:00:00.000Z,https://scontent-sof1-1.cdninstagram.com/v/t51.82787-19/574770777_18429472516105634.jpg,No
https://www.instagram.com/p/POST70ABC/,POST70ABC,faisalsheraiff,400078,1660,44,collab,Collaboration,1704,noon_saudi,145000,44417382136236421,user_4911,5384777511,والله اميزنق 🤍,2025-08-12T00:00:00.000Z,https://scontent-sof1-1.cdninstagram.com/v/t51.82787-19/574770777_18429472516105634.jpg,Yes
https://www.instagram.com/p/POST71ABC/,POST71ABC,faisalsheraiff,400078,2218,31,collab,Collaboration,2249,noon_saudi,145000,79140106411298333,user_7772,1545667742,أحلى تعاون 🔥,2025-08-24T00:00:00.000Z,https://scontent-sof1-1.cdninstagram.com/v/t51.82787-19/574770777_18429472516105634.jpg,Yes
https://www.instagram.com/p/POST71ABC/,POST71ABC,faisalsheraiff,400078,2218,31,collab,Collaboration,2249,noon_saudi,145000,40296976742694309,user_7660,4049272346,والله اميزنق 🤍,2025-08-18T00:00:00.000Z,https://scontent-sof1-1.cdninstagram.com/v/t51.82787-19/574770777_18429472516105634.jpg,No
https://www.instagram.com/p/POST71ABC/,POST71ABC,faisalsheraiff,400078,2218,31,collab,Collaboration,2249,noon_saudi,145000,74850537540689350,user_3341,1683970386,انا بكره ها البراند🤮🤮,2025-08-18T00:00:00.000Z,https://scontent-sof1-1.cdninstagram.com/v/t51.82787-19/574770777_18429472516105634.jpg,Yes
https://www.instagram.com/p/POST71ABC/,POST71ABC,faisalsheraiff,400078,2218,31,collab,Collaboration,2249,noon_saudi,145000,70808465389950081,user_2280,7159296140,انا بكره كلكو 🤮,2025-08-17T00:00:00.000Z,https://scontent-sof1-1.cdninstagram.com/v/t51.82787-19/574770777_18429472516105634.jpg,Yes
https://www.instagram.com/p/POST71ABC/,POST71ABC,faisalsheraiff,400078,2218,31,collab,Collaboration,2249,noon_saudi,145000,51872071749251129,user_5413,3461673250,والله اميزنق 🤍,2025-08-05T00:00:00.000Z,https://scontent-sof1-1.cdninstagram.com/v/t51.82787-19/574770777_18429472516105634.jpg,No
https://www.instagram.com/p/POST71ABC/,POST71ABC,faisalsheraiff,400078,2218,31,collab,Collaboration,2249,noon_saudi,145000,40925241371023580,user_6420,9059235042,انا بكره كلكو 🤮,2025-08-26T00:00:00.000Z,https://scontent-sof1-1.cdninstagram.com/v/t51.82787-19/574770777_18429472516105634.jpg,No
https://www.instagram.com/p/POST71ABC/,POST71ABC,faisalsheraiff,400078,2218,31,collab,Collaboration,2249,noon_saudi,145000,21184051469211192,user_2766,6593331809,Loved this!,2025-08-09T00:00:00.000Z,https://scontent-sof1-1.cdninstagram.com/v/t51.82787-19/574770777_18429472516105634.jpg,Yes
https://www.instagram.com/p/POST71ABC/,POST71ABC,faisalsheraiff,400078,2218,31,collab,Collaboration,2249,noon_saudi,145000,39012442834692929,user_5693,1601360048,أحلى تعاون 🔥,2025-08-27T00:00:00.000Z,https://scontent-sof1-1.cdninstagram.com/v/t51.82787-19/574770777_18429472516105634.jpg,Yes
https://www.instagram.com/p/POST72ABC/,POST72ABC,faisalsheraiff,400078,1878,25,collab,Collaboration,1903,heineken0.0_saudi,935,59207761781971141,user_2582,3618371841,انا بكره ها البراند🤮🤮,2025-07-31T00:00:00.000Z,https://scontent-sof1-1.cdninstagram.com/v/t51.82787-19/574770777_18429472516105634.jpg,Yes
https://www.instagram.com/p/POST72ABC/,POST72ABC,faisalsheraiff,400078,1878,25,collab,Collaboration,1903,heineken0.0_saudi,935,66256317436189355,user_8942,6659975008,والله اميزنق 🤍,2025-08-18T00:00:00.000Z,https://scontent-sof1-1.cdninstagram.com/v/t51.82787-19/574770777_18429472516105634.jpg,Yes
https://www.instagram.com/p/POST72ABC/,POST72ABC,faisalsheraiff,400078,1878,25,collab,Collaboration,1903,heineken0.0_saudi,935,78880005433007283,user_3373,8087141589,انا بكره ها البراند ,2025-08-17T00:00:00.000Z,https://scontent-sof1-1.cdninstagram.com/v/t51.82787-19/574770777_18429472516105634.jpg,Yes
https://www.instagram.com/p/POST72ABC/,POST72ABC,faisalsheraiff,400078,1878,25,collab,Collaboration,1903,heineken0.0_saudi,935,48173839019993480,user_7121,2051321306,انا بكره كلكو 🤮,2025-08-15T00:00:00.000Z,https://scontent-sof1-1.cdninstagram.com/v/t51.82787-19/574770777_18429472516105634.jpg,Yes
https://www.instagram.com/p/POST72ABC/,POST72ABC,faisalsheraiff,400078,1878,25,collab,Collaboration,1903,heineken0.0_saudi,935,44481171202066664,user_3717,4457729762,أحلى تعاون 🔥,2025-07-30T00:00:00.000Z,https://scontent-sof1-1.cdninstagram.com/v/t51.82787-19/574770777_18429472516105634.jpg,No
https://www.instagram.com/p/POST72ABC/,POST72ABC,faisalsheraiff,400078,1878,25,collab,Collaboration,1903,heineken0.0_saudi,935,44703066981709489,user_8375,4212118787,انا بكره ها البراند ,2025-08-05T00:00:00.000Z,https://scontent-sof1-1.cdninstagram.com/v/t51.82787-19/574770777_18429472516105634.jpg,No
https://www.instagram.com/p/POST80ABC/,POST80ABC,faisalsheraiff,401278,2099,46,collab,Collaboration,2145,heineken0.0_saudi,935,51586471053216545,user_9346,2839674507,Loved this!,2025-08-31T00:00:00.000Z,https://scontent-sof1-1.cdninstagram.com/v/t51.82787-19/574770777_18429472516105634.jpg,No
https://www.instagram.com/p/POST80ABC/,POST80ABC,faisalsheraiff,401278,2099,46,collab,Collaboration,2145,heineken0.0_saudi,935,75434912515258911,user_5719,7888553514,انا بكره ها البراند ,2025-09-24T00:00:00.000Z,https://scontent-sof1-1.cdninstagram.com/v/t51.82787-19/574770777_18429472516105634.jpg,Yes
https://www.instagram.com/p/POST80ABC/,POST80ABC,faisalsheraiff,401278,2099,46,collab,Collaboration,2145,heineken0.0_saudi,935,81127487746798234,user_2237,4633521933,أحلى تعاون 🔥,2025-09-09T00:00:00.000Z,https://scontent-sof1-1.cdninstagram.com/v/t51.82787-19/574770777_18429472516105634.jpg,No
https://www.instagram.com/p/POST80ABC/,POST80ABC,faisalsheraiff,401278,2099,46,collab,Collaboration,2145,heineken0.0_saudi,935,83570710370008503,user_6576,9332321764,انا بكره كلكو 🤮,2025-09-11T00:00:00.000Z,https://scontent-sof1-1.cdninstagram.com/v/t51.82787-19/574770777_18429472516105634.jpg,No
https://www.instagram.com/p/POST80ABC/,POST80ABC,faisalsheraiff,401278,2099,46,collab,Collaboration,2145,heineken0.0_saudi,935,91838676427642703,user_3940,7613670409,انا بكره ها البراند ,2025-09-18T00:00:00.000Z,https://scontent-sof1-1.cdninstagram.com/v/t51.82787-19/574770777_18429472516105634.jpg,No
https://www.instagram.com/p/POST80ABC/,POST80ABC,faisalsheraiff,401278,2099,46,collab,Collaboration,2145,heineken0.0_saudi,935,94964101618135184,user_2441,6299630906,انا بكره كلكو 🤮,2025-09-03T00:00:00.000Z,https://scontent-sof1-1.cdninstagram.com/v/t51.82787-19/574770777_18429472516105634.jpg,Yes
https://www.instagram.com/p/POST81ABC/,POST81ABC,faisalsheraiff,401278,1385,40,collab,Collaboration,1425,noon_saudi,145000,29017026413071548,user_7382,7482379414,أحلى تعاون 🔥,2025-09-25T00:00:00.000Z,https://scontent-sof1-1.cdninstagram.com/v/t51.82787-19/574770777_18429472516105634.jpg,No
https://www.instagram.com/p/POST81ABC/,POST81ABC,faisalsheraiff,401278,1385,40,collab,Collaboration,1425,noon_saudi,145000,51989883006198769,user_2471,1198523244,انا بكره ها البراند ,2025-09-07T00:00:00.000Z,https://scontent-sof1-1.cdninstagram.com/v/t51.82787-19/574770777_18429472516105634.jpg,Yes
https://www.instagram.com/p/POST81ABC/,POST81ABC,faisalsheraiff,401278,1385,40,collab,Collaboration,1425,noon_saudi,145000,93379812885023046,user_6949,4949371129,أحلى تعاون 🔥,2025-09-22T00:00:00.000Z,https://scontent-sof1-1.cdninstagram.com/v/t51.82787-19/574770777_18429472516105634.jpg,Yes
https://www.instagram.com/p/POST81ABC/,POST81ABC,faisalsheraiff,401278,1385,40,collab,Collaboration,1425,noon_saudi,145000,47558690539994042,user_7988,6149255780,أحلى تعاون 🔥,2025-09-22T00:00:00.000Z,https://scontent-sof1-1.cdninstagram.com/v/t51.82787-19/574770777_18429472516105634.jpg,No
https://www.instagram.com/p/POST81ABC/,POST81ABC,faisalsheraiff,401278,1385,40,collab,Collaboration,1425,noon_saudi,145000,49066545944873976,user_8800,2553320881,انا بكره ها البراند ,2025-09-19T00:00:00.000Z,https://scontent-sof1-1.cdninstagram.com/v/t51.82787-19/574770777_18429472516105634.jpg,No
https://www.instagram.com/p/POST81ABC/,POST81ABC,faisalsheraiff,401278,1385,40,collab,Collaboration,1425,noon_saudi,145000,48027609671321193,user_6692,3413671739,Loved this!,2025-09-06T00:00:00.000Z,https://scontent-sof1-1.cdninstagram.com/v/t51.82787-19/574770777_18429472516105634.jpg,No
https://www.instagram.com/p/POST81ABC/,POST81ABC,faisalsheraiff,401278,1385,40,collab,Collaboration,1425,noon_saudi,145000,87484729217387913,user_8726,1487719833,أحلى تعاون 🔥,2025-09-25T00:00:00.000Z,https://scontent-sof1-1.cdninstagram.com/v/t51.82787-19/574770777_18429472516105634.jpg,No
https://www.instagram.com/p/POST81ABC/,POST81ABC,faisalsheraiff,401278,1385,40,collab,Collaboration,1425,noon_saudi,145000,93706849134285694,user_9787,1989891032,أحلى تعاون 🔥,2025-09-19T00:00:00.000Z,https://scontent-sof1-1.cdninstagram.com/v/t51.82787-19/574770777_18429472516105634.jpg,Yes
https://www.instagram.com/p/POST82ABC/,POST82ABC,faisalsheraiff,401278,1950,48,collab,Collaboration,1998,heineken0.0_saudi,935,71572102251931768,user_9514,2918935623,Loved this!,2025-09-24T00:00:00.000Z,https://scontent-sof1-1.cdninstagram.com/v/t51.82787-19/574770777_18429472516105634.jpg,Yes
https://www.instagram.com/p/POST82ABC/,POST82ABC,faisalsheraiff,401278,1950,48,collab,Collaboration,1998,heineken0.0_saudi,935,33081545923088467,user_5631,2638263109,أحلى تعاون 🔥,2025-09-20T00:00:00.000Z,https://scontent-sof1-1.cdninstagram.com/v/t51.82787-19/574770777_18429472516105634.jpg,No
https://www.instagram.com/p/POST82ABC/,POST82ABC,faisalsheraiff,401278,1950,48,collab,Collaboration,1998,heineken0.0_saudi,935,64379055998741847,user_9325,7205835166,أحلى تعاون 🔥,2025-09-24T00:00:00.000Z,https://scontent-sof1-1.cdninstagram.com/v/t51.82787-19/574770777_18429472516105634.jpg,Yes
https://www.instagram.com/p/POST82ABC/,POST82ABC,faisalsheraiff,401278,1950,48,collab,Collaboration,1998,heineken0.0_saudi,935,68450843368145586,user_5847,4659520666,انا بكره ها البراند ,2025-09-06T00:00:00.000Z,https://scontent-sof1-1.cdninstagram.com/v/t51.82787-19/574770777_18429472516105634.jpg,Yes
https://www.instagram.com/p/POST82ABC/,POST82ABC,faisalsheraiff,401278,1950,48,collab,Collaboration,1998,heineken0.0_saudi,935,56355623052947355,user_3734,8529788571,انا بكره ها البراند ,2025-09-01T00:00:00.000Z,https://scontent-sof1-1.cdninstagram.com/v/t51.82787-19/574770777_18429472516105634.jpg,No
https://www.instagram.com/p/POST82ABC/,POST82ABC,faisalsheraiff,401278,1950,48,collab,Collaboration,1998,heineken0.0_saudi,935,61568101815486703,user_2458,1604670787,Loved this!,2025-09-06T00:00:00.000Z,https://scontent-sof1-1.cdninstagram.com/v/t51.82787-19/574770777_18429472516105634.jpg,No
https://www.instagram.com/p/POST90ABC/,POST90ABC,faisalsheraiff,402478,2125,12,collab,Collaboration,2137,noon_saudi,145000,84918391484410228,user_4064,3565066057,Loved this!,2025-10-17T00:00:00.000Z,https://scontent-sof1-1.cdninstagram.com/v/t51.82787-19/574770777_18429472516105634.jpg,Yes
https://www.instagram.com/p/POST90ABC/,POST90ABC,faisalsheraiff,402478,2125,12,collab,Collaboration,2137,noon_saudi,145000,75842470724140658,user_2920,3671668042,Loved this!,2025-10-14T00:00:00.000Z,https://scontent-sof1-1.cdninstagram.com/v/t51.82787-19/574770777_18429472516105634.jpg,Yes
https://www.instagram.com/p/POST90ABC/,POST90ABC,faisalsheraiff,402478,2125,12,collab,Collaboration,2137,noon_saudi,145000,60785640995376826,user_1239,2676753201,أحلى تعاون 🔥,2025-10-02T00:00:00.000Z,https://scontent-sof1-1.cdninstagram.com/v/t51.82787-19/574770777_18429472516105634.jpg,Yes
https://www.instagram.com/p/POST90ABC/,POST90ABC,faisalsheraiff,402478,2125,12,collab,Collaboration,2137,noon_saudi,145000,71404674072280414,user_5800,3296458149,Loved this!,2025-10-14T00:00:00.000Z,https://scontent-sof1-1.cdninstagram.com/v/t51.82787-19/574770777_18429472516105634.jpg,No
https://www.instagram.com/p/POST90ABC/,POST90ABC,faisalsheraiff,402478,2125,12,collab,Collaboration,2137,noon_saudi,145000,47049102248557831,user_2561,1411808811,أحلى تعاون 🔥,2025-10-23T00:00:00.000Z,https://scontent-sof1-1.cdninstagram.com/v/t51.82787-19/574770777_18429472516105634.jpg,No
https://www.instagram.com/p/POST90ABC/,POST90ABC,faisalsheraiff,402478,2125,12,collab,Collaboration,2137,noon_saudi,145000,28852748115294133,user_1975,6753057813,انا بكره ها البراند ,2025-10-01T00:00:00.000Z,https://scontent-sof1-1.cdninstagram.com/v/t51.82787-19/574770777_18429472516105634.jpg,No
https://www.instagram.com/p/POST90ABC/,POST90ABC,faisalsheraiff,402478,2125,12,collab,Collaboration,2137,noon_saudi,145000,62378506624916072,user_8728,5773911692,انا بكره ها البراند🤮🤮,2025-10-07T00:00:00.000Z,https://scontent-sof1-1.cdninstagram.com/v/t51.82787-19/574770777_18429472516105634.jpg,No
https://www.instagram.com/p/POST91ABC/,POST91ABC,faisalsheraiff,402478,2043,10,collab,Collaboration,2053,heineken0.0_saudi,935,34401607701608393,user_9049,1207630416,انا بكره ها البراند ,2025-09-30T00:00:00.000Z,https://scontent-sof1-1.cdninstagram.com/v/t51.82787-19/574770777_18429472516105634.jpg,Yes
https://www.instagram.com/p/POST91ABC/,POST91ABC,faisalsheraiff,402478,2043,10,collab,Collaboration,2053,heineken0.0_saudi,935,28615120429821496,user_3303,8980213074,انا بكره ها البراند ,2025-10-11T00:00:00.000Z,https://scontent-sof1-1.cdninstagram.com/v/t51.82787-19/574770777_18429472516105634.jpg,No
https://www.instagram.com/p/POST91ABC/,POST91ABC,faisalsheraiff,402478,2043,10,collab,Collaboration,2053,heineken0.0_saudi,935,96678997767926149,user_2009,2695003178,انا بكره ها البراند ,2025-10-23T00:00:00.000Z,https://scontent-sof1-1.cdninstagram.com/v/t51.82787-19/574770777_18429472516105634.jpg,Yes
https://www.instagram.com/p/POST91ABC/,POST91ABC,faisalsheraiff,402478,2043,10,collab,Collaboration,2053,heineken0.0_saudi,935,85644255529542305,user_1504,5171263098,أحلى تعاون 🔥,2025-10-15T00:00:00.000Z,https://scontent-sof1-1.cdninstagram.com/v/t51.82787-19/574770777_18429472516105634.jpg,Yes
https://www.instagram.com/p/POST91ABC/,POST91ABC,faisalsheraiff,402478,2043,10,collab,Collaboration,2053,heineken0.0_saudi,935,20369568344129750,user_1940,4300850630,انا بكره ها البراند ,2025-10-15T00:00:00.000Z,https://scontent-sof1-1.cdninstagram.com/v/t51.82787-19/574770777_18429472516105634.jpg,No
https://www.instagram.com/p/POST91ABC/,POST91ABC,faisalsheraiff,402478,2043,10,collab,Collaboration,2053,heineken0.0_saudi,935,74757194901667807,user_1517,1015005046,انا بكره ها البراند ,2025-10-21T00:00:00.000Z,https://scontent-sof1-1.cdninstagram.com/v/t51.82787-19/574770777_18429472516105634.jpg,No
https://www.instagram.com/p/POST91ABC/,POST91ABC,faisalsheraiff,402478,2043,10,collab,Collaboration,2053,heineken0.0_saudi,935,65243921259785650,user_7129,7667616576,أحلى تعاون 🔥,2025-10-24T00:00:00.000Z,https://scontent-sof1-1.cdninstagram.com/v/t51.82787-19/574770777_18429472516105634.jpg,Yes
https://www.instagram.com/p/POST91ABC/,POST91ABC,faisalsheraiff,402478,2043,10,collab,Collaboration,2053,heineken0.0_saudi,935,81385509842610055,user_4674,6749596935,انا بكره ها البراند ,2025-10-14T00:00:00.000Z,https://scontent-sof1-1.cdninstagram.com/v/t51.82787-19/574770777_18429472516105634.jpg,No
https://www.instagram.com/p/POST92ABC/,POST92ABC,faisalsheraiff,402478,1586,34,collab,Collaboration,1620,nike_middleeast,52000,42691976357619285,user_5383,1244915728,انا بكره ها البراند🤮🤮,2025-10-01T00:00:00.000Z,https://scontent-sof1-1.cdninstagram.com/v/t51.82787-19/574770777_18429472516105634.jpg,No
https://www.instagram.com/p/POST92ABC/,POST92ABC,faisalsheraiff,402478,1586,34,collab,Collaboration,1620,nike_middleeast,52000,23003284807545406,user_3031,6486315773,والله اميزنق 🤍,2025-10-17T00:00:00.000Z,https://scontent-sof1-1.cdninstagram.com/v/t51.82787-19/574770777_18429472516105634.jpg,Yes
https://www.instagram.com/p/POST92ABC/,POST92ABC,faisalsheraiff,402478,1586,34,collab,Collaboration,1620,nike_middleeast,52000,74861878365314162,user_5676,2463868137,انا بكره ها البراند ,2025-10-04T00:00:00.000Z,https://scontent-sof1-1.cdninstagram.com/v/t51.82787-19/574770777_18429472516105634.jpg,Yes
https://www.instagram.com/p/POST92ABC/,POST92ABC,faisalsheraiff,402478,1586,34,collab,Collaboration,1620,nike_middleeast,52000,39453633192571775,user_5655,8049975983,انا بكره كلكو 🤮,2025-10-23T00:00:00.000Z,https://scontent-sof1-1.cdninstagram.com/v/t51.82787-19/574770777_18429472516105634.jpg,Yes
https://www.instagram.com/p/POST92ABC/,POST92ABC,faisalsheraiff,402478,1586,34,collab,Collaboration,1620,nike_middleeast,52000,81015221868565175,user_5171,1011349867,انا بكره ها البراند ,2025-10-25T00:00:00.000Z,https://scontent-sof1-1.cdninstagram.com/v/t51.82787-19/574770777_18429472516105634.jpg,No
https://www.instagram.com/p/POST92ABC/,POST92ABC,faisalsheraiff,402478,1586,34,collab,Collaboration,1620,nike_middleeast,52000,99454472974139045,user_6530,2291967317,أحلى تعاون 🔥,2025-10-15T00:00:00.000Z,https://scontent-sof1-1.cdninstagram.com/v/t51.82787-19/574770777_18429472516105634.jpg,No
https://www.instagram.com/p/POST100ABC/,POST100ABC,faisalsheraiff,403678,2088,44,collab,Collaboration,2132,heineken0.0_saudi,935,19213130545141953,user_2999,4077064334,انا بكره ها البراند ,2025-11-04T00:00:00.000Z,https://scontent-sof1-1.cdninstagram.com/v/t51.82787-19/574770777_18429472516105634.jpg,No
https://www.instagram.com/p/POST100ABC/,POST100ABC,faisalsheraiff,403678,2088,44,collab,Collaboration,2132,heineken0.0_saudi,935,19422874724551534,user_8085,2883467714,انا بكره ها البراند ,2025-11-15T00:00:00.000Z,https://scontent-sof1-1.cdninstagram.com/v/t51.82787-19/574770777_18429472516105634.jpg,No
https://www.instagram.com/p/POST100ABC/,POST100ABC,faisalsheraiff,403678,2088,44,collab,Collaboration,2132,heineken0.0_saudi,935,91178062294243686,user_1838,8134217893,انا بكره ها البراند ,2025-11-13T00:00:00.000Z,https://scontent-sof1-1.cdninstagram.com/v/t51.82787-19/574770777_18429472516105634.jpg,No
https://www.instagram.com/p/POST100ABC/,POST100ABC,faisalsheraiff,403678,2088,44,collab,Collaboration,2132,heineken0.0_saudi,935,67934323615450075,user_7874,6488842578,Loved this!,2025-11-19T00:00:00.000Z,https://scontent-sof1-1.cdninstagram.com/v/t51.82787-19/574770777_18429472516105634.jpg,Yes
https://www.instagram.com/p/POST100ABC/,POST100ABC,faisalsheraiff,403678,2088,44,collab,Collaboration,2132,heineken0.0_saudi,935,76794260666156329,user_1782,2180929680,انا بكره ها البراند🤮🤮,2025-10-28T00:00:00.000Z,https://scontent-sof1-1.cdninstagram.com/v/t51.82787-19/574770777_18429472516105634.jpg,Yes
https://www.instagram.com/p/POST101ABC/,POST101ABC,faisalsheraiff,403678,1984,17,collab,Collaboration,2001,nike_middleeast,52000,75354057210288869,user_7786,3183519550,انا بكره ها البراند ,2025-11-18T00:00:00.000Z,https://scontent-sof1-1.cdninstagram.com/v/t51.82787-19/574770777_18429472516105634.jpg,No
https://www.instagram.com/p/POST101ABC/,POST101ABC,faisalsheraiff,403678,1984,17,collab,Collaboration,2001,nike_middleeast,52000,88974372441495096,user_7504,1680299772,انا بكره ها البراند ,2025-11-07T00:00:00.000Z,https://scontent-sof1-1.cdninstagram.com/v/t51.82787-19/574770777_18429472516105634.jpg,No
https://www.instagram.com/p/POST101ABC/,POST101ABC,faisalsheraiff,403678,1984,17,collab,Collaboration,2001,nike_middleeast,52000,35311770624584551,user_1953,6230855494,انا بكره كلكو 🤮,2025-11-04T00:00:00.000Z,https://scontent-sof1-1.cdninstagram.com/v/t51.82787-19/574770777_18429472516105634.jpg,No
https://www.instagram.com/p/POST101ABC/,POST101ABC,faisalsheraiff,403678,1984,17,collab,Collaboration,2001,nike_middleeast,52000,12912776328607997,user_3798,2352401637,انا بكره كلكو 🤮,2025-11-11T00:00:00.000Z,https://scontent-sof1-1.cdninstagram.com/v/t51.82787-19/574770777_18429472516105634.jpg,Yes
https://www.instagram.com/p/POST101ABC/,POST101ABC,faisalsheraiff,403678,1984,17,collab,Collaboration,2001,nike_middleeast,52000,85960114518088213,user_4928,1438254763,انا بكره ها البراند ,2025-11-24T00:00:00.000Z,https://scontent-sof1-1.cdninstagram.com/v/t51.82787-19/574770777_18429472516105634.jpg,No
https://www.instagram.com/p/POST102ABC/,POST102ABC,faisalsheraiff,403678,1643,33,collab,Collaboration,1676,nike_middleeast,52000,22388768246937995,user_3717,5816827647,انا بكره ها البراند ,2025-11-07T00:00:00.000Z,https://scontent-sof1-1.cdninstagram.com/v/t51.82787-19/574770777_18429472516105634.jpg,No
https://www.instagram.com/p/POST102ABC/,POST102ABC,faisalsheraiff,403678,1643,33,collab,Collaboration,1676,nike_middleeast,52000,81545622867164226,user_5845,7499315970,انا بكره ها البراند ,2025-11-20T00:00:00.000Z,https://scontent-sof1-1.cdninstagram.com/v/t51.82787-19/574770777_18429472516105634.jpg,Yes
https://www.instagram.com/p/POST102ABC/,POST102ABC,faisalsheraiff,403678,1643,33,collab,Collaboration,1676,nike_middleeast,52000,42986613979190769,user_3030,1613116005,انا بكره ها البراند🤮🤮,2025-11-16T00:00:00.000Z,https://scontent-sof1-1.cdninstagram.com/v/t51.82787-19/574770777_18429472516105634.jpg,No
https://www.instagram.com/p/POST102ABC/,POST102ABC,faisalsheraiff,403678,1643,33,collab,Collaboration,1676,nike_middleeast,52000,96175096427489422,user_2410,1571378514,والله اميزنق 🤍,2025-11-03T00:00:00.000Z,https://scontent-sof1-1.cdninstagram.com/v/t51.82787-19/574770777_18429472516105634.jpg,No
https://www.instagram.com/p/POST102ABC/,POST102ABC,faisalsheraiff,403678,1643,33,collab,Collaboration,1676,nike_middleeast,52000,56870785613408745,user_2933,9749948155,انا بكره ها البراند ,2025-11-22T00:00:00.000Z,https://scontent-sof1-1.cdninstagram.com/v/t51.82787-19/574770777_18429472516105634.jpg,No
https://www.instagram.com/p/POST110ABC/,POST110ABC,faisalsheraiff,404878,2274,8,collab,Collaboration,2282,noon_saudi,145000,10103564232642515,user_4399,4747660998,أحلى تعاون 🔥,2025-12-25T00:00:00.000Z,https://scontent-sof1-1.cdninstagram.com/v/t51.82787-19/574770777_18429472516105634.jpg,No
https://www.instagram.com/p/POST110ABC/,POST110ABC,faisalsheraiff,404878,2274,8,collab,Collaboration,2282,noon_saudi,145000,18963075477506130,user_2329,8018871369,أحلى تعاون 🔥,2025-12-16T00:00:00.000Z,https://scontent-sof1-1.cdninstagram.com/v/t51.82787-19/574770777_18429472516105634.jpg,Yes
https://www.instagram.com/p/POST110ABC/,POST110ABC,faisalsheraiff,404878,2274,8,collab,Collaboration,2282,noon_saudi,145000,28369987743180481,user_2749,7942463135,انا بكره كلكو 🤮,2025-12-23T00:00:00.000Z,https://scontent-sof1-1.cdninstagram.com/v/t51.82787-19/574770777_18429472516105634.jpg,No
https://www.instagram.com/p/POST110ABC/,POST110ABC,faisalsheraiff,404878,2274,8,collab,Collaboration,2282,noon_saudi,145000,57646484799549134,user_7421,6051611715,انا بكره ها البراند🤮🤮,2025-12-16T00:00:00.000Z,https://scontent-sof1-1.cdninstagram.com/v/t51.82787-19/574770777_18429472516105634.jpg,Yes
https://www.instagram.com/p/POST110ABC/,POST110ABC,faisalsheraiff,404878,2274,8,collab,Collaboration,2282,noon_saudi,145000,97596813112744232,user_4633,1916226877,انا بكره كلكو 🤮,2025-12-17T00:00:00.000Z,https://scontent-sof1-1.cdninstagram.com/v/t51.82787-19/574770777_18429472516105634.jpg,No
https://www.instagram.com/p/POST110ABC/,POST110ABC,faisalsheraiff,404878,2274,8,collab,Collaboration,2282,noon_saudi,145000,39091637778841565,user_7360,6385081039,انا بكره كلكو 🤮,2025-12-15T00:00:00.000Z,https://scontent-sof1-1.cdninstagram.com/v/t51.82787-19/574770777_18429472516105634.jpg,No
https://www.instagram.com/p/POST110ABC/,POST110ABC,faisalsheraiff,404878,2274,8,collab,Collaboration,2282,noon_saudi,145000,47119567984063705,user_8327,1862625384,انا بكره كلكو 🤮,2025-12-05T00:00:00.000Z,https://scontent-sof1-1.cdninstagram.com/v/t51.82787-19/574770777_18429472516105634.jpg,Yes
https://www.instagram.com/p/POST111ABC/,POST111ABC,faisalsheraiff,404878,2363,36,collab,Collaboration,2399,nike_middleeast,52000,96979225359575669,user_3161,2165470044,أحلى تعاون 🔥,2025-12-07T00:00:00.000Z,https://scontent-sof1-1.cdninstagram.com/v/t51.82787-19/574770777_18429472516105634.jpg,Yes
https://www.instagram.com/p/POST111ABC/,POST111ABC,faisalsheraiff,404878,2363,36,collab,Collaboration,2399,nike_middleeast,52000,22227476554156417,user_1772,2380273773,انا بكره ها البراند🤮🤮,2025-11-29T00:00:00.000Z,https://scontent-sof1-1.cdninstagram.com/v/t51.82787-19/574770777_18429472516105634.jpg,No
https://www.instagram.com/p/POST111ABC/,POST111ABC,faisalsheraiff,404878,2363,36,collab,Collaboration,2399,nike_middleeast,52000,25874713676290543,user_3248,3486821842,Loved this!,2025-11-29T00:00:00.000Z,https://scontent-sof1-1.cdninstagram.com/v/t51.82787-19/574770777_18429472516105634.jpg,No
https://www.instagram.com/p/POST111ABC/,POST111ABC,faisalsheraiff,404878,2363,36,collab,Collaboration,2399,nike_middleeast,52000,33635207902084933,user_3924,3675134018,انا بكره ها البراند ,2025-12-14T00:00:00.000Z,https://scontent-sof1-1.cdninstagram.com/v/t51.82787-19/574770777_18429472516105634.jpg,Yes
https://www.instagram.com/p/POST111ABC/,POST111ABC,faisalsheraiff,404878,2363,36,collab,Collaboration,2399,nike_middleeast,52000,27681983634424674,user_3413,3593686835,انا بكره ها البراند🤮🤮,2025-12-01T00:00:00.000Z,https://scontent-sof1-1.cdninstagram.com/v/t51.82787-19/574770777_18429472516105634.jpg,Yes
https://www.instagram.com/p/POST111ABC/,POST111ABC,faisalsheraiff,404878,2363,36,collab,Collaboration,2399,nike_middleeast,52000,55666731808855531,user_7621,2341349834,انا بكره ها البراند ,2025-12-13T00:00:00.000Z,https://scontent-sof1-1.cdninstagram.com/v/t51.82787-19/574770777_18429472516105634.jpg,No
https://www.instagram.com/p/POST111ABC/,POST111ABC,faisalsheraiff,404878,2363,36,collab,Collaboration,2399,nike_middleeast,52000,77502940040417409,user_7505,4105304946,والله اميزنق 🤍,2025-12-03T00:00:00.000Z,https://scontent-sof1-1.cdninstagram.com/v/t51.82787-19/574770777_18429472516105634.jpg,No
https://www.instagram.com/p/POST111ABC/,POST111ABC,faisalsheraiff,404878,2363,36,collab,Collaboration,2399,nike_middleeast,52000,36744718928100790,user_5247,9778213767,أحلى تعاون 🔥,2025-12-20T00:00:00.000Z,https://scontent-sof1-1.cdninstagram.com/v/t51.82787-19/574770777_18429472516105634.jpg,No
https://www.instagram.com/p/POST112ABC/,POST112ABC,faisalsheraiff,404878,1669,43,collab,Collaboration,1712,nike_middleeast,52000,99036965454260699,user_7142,7755091681,انا بكره ها البراند ,2025-12-21T00:00:00.000Z,https://scontent-sof1-1.cdninstagram.com/v/t51.82787-19/574770777_18429472516105634.jpg,Yes
https://www.instagram.com/p/POST112ABC/,POST112ABC,faisalsheraiff,404878,1669,43,collab,Collaboration,1712,nike_middleeast,52000,48727733825382916,user_7580,9689879936,انا بكره ها البراند ,2025-12-06T00:00:00.000Z,https://scontent-sof1-1.cdninstagram.com/v/t51.82787-19/574770777_18429472516105634.jpg,Yes
https://www.instagram.com/p/POST112ABC/,POST112ABC,faisalsheraiff,404878,1669,43,collab,Collaboration,1712,nike_middleeast,52000,17121667678796687,user_2312,9221448419,انا بكره ها البراند ,2025-12-13T00:00:00.000Z,https://scontent-sof1-1.cdninstagram.com/v/t51.82787-19/574770777_18429472516105634.jpg,No
https://www.instagram.com/p/POST112ABC/,POST112ABC,faisalsheraiff,404878,1669,43,collab,Collaboration,1712,nike_middleeast,52000,51148422105403886,user_9367,9538103375,والله اميزنق 🤍,2025-12-21T00:00:00.000Z,https://scontent-sof1-1.cdninstagram.com/v/t51.82787-19/574770777_18429472516105634.jpg,No
https://www.instagram.com/p/POST112ABC/,POST112ABC,faisalsheraiff,404878,1669,43,collab,Collaboration,1712,nike_middleeast,52000,25796561742030324,user_9381,4286759407,انا بكره ها البراند🤮🤮,2025-12-17T00:00:00.000Z,https://scontent-sof1-1.cdninstagram.com/v/t51.82787-19/574770777_18429472516105634.jpg,Yes
https://www.instagram.com/p/POST112ABC/,POST112ABC,faisalsheraiff,404878,1669,43,collab,Collaboration,1712,nike_middleeast,52000,65731703763410686,user_8928,2897075739,Loved this!,2025-12-07T00:00:00.000Z,https://scontent-sof1-1.cdninstagram.com/v/t51.82787-19/574770777_18429472516105634.jpg,No
https://www.instagram.com/p/POST112ABC/,POST112ABC,faisalsheraiff,404878,1669,43,collab,Collaboration,1712,nike_middleeast,52000,65764204112372847,user_1472,7647474704,Loved this!,2025-11-29T00:00:00.000Z,https://scontent-sof1-1.cdninstagram.com/v/t51.82787-19/574770777_18429472516105634.jpg,No
https://www.instagram.com/p/POST112ABC/,POST112ABC,faisalsheraiff,404878,1669,43,collab,Collaboration,1712,nike_middleeast,52000,52921291074328085,user_7697,4499177577,انا بكره كلكو 🤮,2025-12-06T00:00:00.000Z,https://scontent-sof1-1.cdninstagram.com/v/t51.82787-19/574770777_18429472516105634.jpg,No
https://www.instagram.com/p/POST120ABC/,POST120ABC,faisalsheraiff,406078,1102,43,collab,Collaboration,1145,heineken0.0_saudi,935,62934434632522806,user_1761,1083518971,انا بكره كلكو 🤮,2026-01-24T00:00:00.000Z,https://scontent-sof1-1.cdninstagram.com/v/t51.82787-19/574770777_18429472516105634.jpg,No
https://www.instagram.com/p/POST120ABC/,POST120ABC,faisalsheraiff,406078,1102,43,collab,Collaboration,1145,heineken0.0_saudi,935,74867090385277461,user_6123,8818636987,Loved this!,2026-01-20T00:00:00.000Z,https://scontent-sof1-1.cdninstagram.com/v/t51.82787-19/574770777_18429472516105634.jpg,Yes
https://www.instagram.com/p/POST120ABC/,POST120ABC,faisalsheraiff,406078,1102,43,collab,Collaboration,1145,heineken0.0_saudi,935,72642649827178671,user_2689,2881771127,والله اميزنق 🤍,2026-01-08T00:00:00.000Z,https://scontent-sof1-1.cdninstagram.com/v/t51.82787-19/574770777_18429472516105634.jpg,No
https://www.instagram.com/p/POST120ABC/,POST120ABC,faisalsheraiff,406078,1102,43,collab,Collaboration,1145,heineken0.0_saudi,935,38569227374257496,user_2076,3285625421,والله اميزنق 🤍,2026-01-05T00:00:00.000Z,https://scontent-sof1-1.cdninstagram.com/v/t51.82787-19/574770777_18429472516105634.jpg,No
https://www.instagram.com/p/POST120ABC/,POST120ABC,faisalsheraiff,406078,1102,43,collab,Collaboration,1145,heineken0.0_saudi,935,53824856080697018,user_3067,1229241285,أحلى تعاون 🔥,2025-12-27T00:00:00.000Z,https://scontent-sof1-1.cdninstagram.com/v/t51.82787-19/574770777_18429472516105634.jpg,No
https://www.instagram.com/p/POST121ABC/,POST121ABC,faisalsheraiff,406078,1071,5,collab,Collaboration,1076,heineken0.0_saudi,935,66595358532310863,user_1850,3403788441,والله اميزنق 🤍,2026-01-22T00:00:00.000Z,https://scontent-sof1-1.cdninstagram.com/v/t51.82787-19/574770777_18429472516105634.jpg,No
https://www.instagram.com/p/POST121ABC/,POST121ABC,faisalsheraiff,406078,1071,5,collab,Collaboration,1076,heineken0.0_saudi,935,59119090341905342,user_5190,4649065234,انا بكره كلكو 🤮,2026-01-11T00:00:00.000Z,https://scontent-sof1-1.cdninstagram.com/v/t51.82787-19/574770777_18429472516105634.jpg,Yes
https://www.instagram.com/p/POST121ABC/,POST121ABC,faisalsheraiff,406078,1071,5,collab,Collaboration,1076,heineken0.0_saudi,935,10387660183980900,user_5829,4223257209,والله اميزنق 🤍,2026-01-13T00:00:00.000Z,https://scontent-sof1-1.cdninstagram.com/v/t51.82787-19/574770777_18429472516105634.jpg,Yes
https://www.instagram.com/p/POST121ABC/,POST121ABC,faisalsheraiff,406078,1071,5,collab,Collaboration,1076,heineken0.0_saudi,935,53923337083515216,user_3606,8373521256,Loved this!,2026-01-14T00:00:00.000Z,https://scontent-sof1-1.cdninstagram.com/v/t51.82787-19/574770777_18429472516105634.jpg,Yes
https://www.instagram.com/p/POST121ABC/,POST121ABC,faisalsheraiff,406078,1071,5,collab,Collaboration,1076,heineken0.0_saudi,935,54554167738918225,user_3604,2541165684,انا بكره ها البراند ,2026-01-09T00:00:00.000Z,https://scontent-sof1-1.cdninstagram.com/v/t51.82787-19/574770777_18429472516105634.jpg,No
https://www.instagram.com/p/POST122ABC/,POST122ABC,faisalsheraiff,406078,1584,34,collab,Collaboration,1618,heineken0.0_saudi,935,50156104308415860,user_3797,7192159829,أحلى تعاون 🔥,2026-01-02T00:00:00.000Z,https://scontent-sof1-1.cdninstagram.com/v/t51.82787-19/574770777_18429472516105634.jpg,Yes
https://www.instagram.com/p/POST122ABC/,POST122ABC,faisalsheraiff,406078,1584,34,collab,Collaboration,1618,heineken0.0_saudi,935,79965664962130197,user_1966,4048086108,Loved this!,2026-01-20T00:00:00.000Z,https://scontent-sof1-1.cdninstagram.com/v/t51.82787-19/574770777_18429472516105634.jpg,Yes
https://www.instagram.com/p/POST122ABC/,POST122ABC,faisalsheraiff,406078,1584,34,collab,Collaboration,1618,heineken0.0_saudi,935,77897748150844406,user_2901,8593722285,Loved this!,2026-01-08T00:00:00.000Z,https://scontent-sof1-1.cdninstagram.com/v/t51.82787-19/574770777_18429472516105634.jpg,Yes
https://www.instagram.com/p/POST122ABC/,POST122ABC,faisalsheraiff,406078,1584,34,collab,Collaboration,1618,heineken0.0_saudi,935,20583882852156898,user_7853,6974329075,Loved this!,2025-12-31T00:00:00.000Z,https://scontent-sof1-1.cdninstagram.com/v/t51.82787-19/574770777_18429472516105634.jpg,No
https://www.instagram.com/p/POST122ABC/,POST122ABC,faisalsheraiff,406078,1584,34,collab,Collaboration,1618,heineken0.0_saudi,935,66585521410523758,user_9241,8591279770,انا بكره ها البراند ,2025-12-27T00:00:00.000Z,https://scontent-sof1-1.cdninstagram.com/v/t51.82787-19/574770777_18429472516105634.jpg,No
https://www.instagram.com/p/POST122ABC/,POST122ABC,faisalsheraiff,406078,1584,34,collab,Collaboration,1618,heineken0.0_saudi,935,74424020750627489,user_3190,1912778732,Loved this!,2026-01-09T00:00:00.000Z,https://scontent-sof1-1.cdninstagram.com/v/t51.82787-19/574770777_18429472516105634.jpg,Yes
